,date,y,y_p,ln_y_p_over_y,log_y,d4_log_y,rr_ma4_l1,rr_ma4_l5,rr_ma4_l9,u_ma4_l1,u_ma4_l2,u_ma4_l3,u_ma4_l4,u_ma4_l5,d_u,d4_u,d4_u_l1,d4_u_ma4_l1,cci_cs_ma4_l1,cci_fs_ma4_l1,cci_es_ma4_l1,t_bill_d4,t_bill_d4_l1,stock_log_ma4_l1,oil_log_ma4_l1,oil_log_ma4_l5,fx_log_ma4_l1,fx_log_ma4_l5,log_work_age_pop_share,covid19,trend,splittrend_pdv
0,1980-03-31 23:59:59.999999999,63.46192688345789,65.02381684257557,0.02431346630326736,4.150440149442235,,,,,,,,,,,,,,,,,,,,,,,,4.154121221569602,0.0,0.0,0.0
1,1980-06-30 23:59:59.999999999,63.41143203393254,65.1811881869655,0.027526741380711428,4.149644161180833,,,,,,,,,,0.08816099999999949,,,,,,,,,,,,,,4.156167688238194,0.0,1.0,0.0
2,1980-09-30 23:59:59.999999999,63.67400525146435,65.34855929497722,0.025958995377956207,4.153776398465743,,,,,,,,,,0.0,,,,,,,,,,,,,,4.158232394996119,0.0,2.0,0.0
3,1980-12-31 23:59:59.999999999,63.6942031912745,65.51632799929469,0.028205837277108792,4.154093556730374,,,,,,,,,,0.26448300000000025,,,,,,,,,,,,,,4.16029284752228,0.0,3.0,0.0
4,1981-03-31 23:59:59.999999999,63.8254898000404,65.68786619586633,0.028761586232141312,4.156152637207626,0.005712487765390684,-1.453619829413069,,,5.5100645,,,,,0.26448300000000025,0.617127,,,,,,-1.0200000009999997,,2.054790161217534,,,4.782975828095562,,4.162304407896929,0.0,4.0,0.0
5,1981-06-30 23:59:59.999999999,64.78489194102202,65.86379592279582,0.016516484411300603,4.17107242711646,0.021428265935627522,-1.5868772890400866,,,5.66434625,5.5100645,,,,0.3526449999999999,0.8816110000000004,0.617127,,,,,3.2866666669999987,-1.0200000009999997,2.0568462551703983,,,4.7763614413446,,4.164361007755555,0.0,5.0,0.0
6,1981-09-30 23:59:59.999999999,64.6233084225409,65.99402258823687,0.020989013873922602,4.168575157206183,0.014798758740440121,0.2800529336090707,,,5.884748999999999,5.66434625,5.5100645,,,0.35264399999999974,1.234255,0.8816110000000004,,,,,5.763333333000002,3.2866666669999987,2.0210176529865955,,,4.764160052073581,,4.166435916922873,0.0,6.0,0.0
7,1981-12-31 23:59:59.999999999,64.21934962633811,66.14007796559754,0.02947032501527591,4.162304561334131,0.008211004603756678,1.690822675524789,,,6.19331275,5.884748999999999,5.66434625,5.5100645,,0.26448300000000025,1.234255,1.234255,,,,,4.216666666,5.763333333000002,1.9859189540527145,,,4.7503453217794585,,4.168506529755105,0.0,7.0,0.0
8,1982-03-31 23:59:59.999999999,65.09796000807917,66.31790314447743,0.018566680642598143,4.175893212442106,0.01974057523448014,2.5852393656912973,-1.453619829413069,,6.5018765,6.19331275,5.884748999999999,5.66434625,5.5100645,0.0,0.9697719999999999,1.234255,0.9918119999999995,,,,2.966666667,4.216666666,1.926105238707711,,,4.738859760310273,4.782975828095562,4.17052798906913,0.0,8.0,0.0
9,1982-06-30 23:59:59.999999999,65.71399717228843,66.45743404806723,0.011249703652607579,4.185311949561707,0.014239522445246955,3.178077560742226,-1.5868772890400866,,6.7443195,6.5018765,6.19331275,5.884748999999999,5.66434625,0.08816099999999949,0.7052879999999995,0.9697719999999999,1.0799732499999992,,,,0.1966666660000005,2.966666667,1.8928766324599955,,,4.732243089429231,4.7763614413446,4.172340943958424,0.0,9.0,0.0
10,1982-09-30 23:59:59.999999999,65.71399717228843,66.57282623715601,0.012984530266971994,4.185311949561707,0.016736792355524166,2.084147889810489,0.2800529336090707,,6.9206415,6.7443195,6.5018765,6.19331275,5.884748999999999,0.17632200000000076,0.5289660000000005,0.7052879999999995,1.035892500000001,,,,-2.853333333000002,0.1966666660000005,1.906166993706206,,,4.729866196598488,4.764160052073581,4.174170486336658,0.0,10.0,0.0
11,1982-12-31 23:59:59.999999999,64.7242981215916,66.6964863448934,0.030015591475712533,4.17013668157095,0.007832120236819229,1.8679641022599058,1.690822675524789,,7.0528830000000005,6.9206415,6.7443195,6.5018765,6.19331275,0.08816099999999949,0.35264399999999974,0.5289660000000005,0.8595702500000009,,,,-2.4533333319999997,-2.853333333000002,1.8957560961444873,,,4.7096861991042775,4.7503453217794585,4.175996687601357,0.0,11.0,0.0
12,1983-03-31 23:59:59.999999999,65.68370026257323,66.88736612483378,0.01815930084351791,4.1848508012943695,0.008957588852263498,2.348292731663909,2.5852393656912973,-1.453619829413069,7.141044,7.0528830000000005,6.9206415,6.7443195,6.5018765,-0.08816099999999949,0.26448300000000025,0.35264399999999974,0.6391675000000001,,,,-2.0933333330000004,-2.4533333319999997,1.90220617703981,,,4.693267230123776,4.738859760310273,4.177779967586362,0.0,12.0,0.0
13,1983-06-30 23:59:59.999999999,64.926277519693,67.02948905848837,0.03188022355278797,4.17325243420841,-0.012059515353296746,2.783914908485541,3.178077560742226,-1.5868772890400866,7.2071647500000005,7.141044,7.0528830000000005,6.9206415,6.7443195,0.0,0.17632200000000076,0.26448300000000025,0.4628452500000009,,,,-3.5199999999999996,-2.0933333330000004,1.9252492958723564,,,4.685450691321844,4.732243089429231,4.179405513657297,0.0,13.0,0.0
14,1983-09-30 23:59:59.999999999,64.6536053322561,67.22828374497361,0.039050177445724366,4.169043870596531,-0.016268078965175903,3.129950535843756,2.084147889810489,0.2800529336090707,7.25124525,7.2071647500000005,7.141044,7.0528830000000005,6.9206415,0.08816099999999949,0.08816099999999949,0.17632200000000076,0.33060374999999986,,,,-2.0299999999999994,-3.5199999999999996,1.9798763355019087,,,4.669258202857974,4.729866196598488,4.18104624114685,0.0,14.0,0.0
15,1983-12-31 23:59:59.999999999,64.6536053322561,67.45251951903722,0.0423800652370927,4.169043870596531,-0.001092810974419045,3.071490032023366,1.8679641022599058,1.690822675524789,7.2732855,7.25124525,7.2071647500000005,7.141044,7.0528830000000005,0.17632199999999987,0.17632199999999987,0.08816099999999949,0.2204024999999996,,,,-0.7400000010000003,-2.0299999999999994,2.079644814550453,,,4.666990793391307,4.7096861991042775,4.182684281058689,0.0,15.0,0.0
16,1984-03-31 23:59:59.999999999,64.6536053322561,67.68432464526458,0.045810741082959794,4.169043870596531,-0.01580693069783834,2.8479468413143136,2.348292731663909,2.5852393656912973,7.317366,7.2732855,7.25124525,7.2071647500000005,7.141044,0.6171270000000009,0.8816100000000002,0.17632199999999987,0.17632199999999987,,,,-0.20333333399999987,-0.7400000010000003,2.194314235821679,,,4.661285135113044,4.693267230123776,4.184301880887906,0.0,16.0,0.0
17,1984-06-30 23:59:59.999999999,63.976974348616444,67.93005440564518,0.05995532128840875,4.158523242821962,-0.014729191386448015,2.8698154276508903,2.783914908485541,3.178077560742226,7.5377685,7.317366,7.2732855,7.25124525,7.2071647500000005,0.35264399999999974,1.234254,0.8816100000000002,0.33060374999999986,,,,-0.14666666599999978,-0.20333333399999987,2.310384266837789,,,4.647897960275268,4.685450691321844,4.185016657991953,0.0,17.0,0.0
18,1984-09-30 23:59:59.999999999,64.38093314481924,68.22903228021121,0.058052647432625726,4.16481752009335,-0.004226350503181209,3.0369576947803347,3.129950535843756,2.084147889810489,7.846332,7.5377685,7.317366,7.2732855,7.25124525,0.176323,1.3224160000000005,1.234254,0.5950867500000001,,,,-0.9933333330000007,-0.14666666599999978,2.398953960532113,,,4.645288881263441,4.669258202857974,4.1857387708044165,0.0,18.0,0.0
19,1984-12-31 23:59:59.999999999,63.70430216117956,68.52334702528809,0.07292242153428763,4.1542520981496525,-0.014791772446878682,3.33753422248686,3.071490032023366,1.8679641022599058,8.176936,7.846332,7.5377685,7.317366,7.2732855,0.2644819999999992,1.4105759999999998,1.3224160000000005,0.9036504999999995,,,,-1.6666666669999994,-0.9933333330000007,2.455847955487614,,,4.643931310687943,4.666990793391307,4.186460362546215,0.0,19.0,0.0
20,1985-03-31 23:59:59.999999999,63.562916582508585,68.87895360285476,0.08032044071682165,4.152030227691075,-0.017013642905456372,3.7478950077646624,2.8479468413143136,2.348292731663909,8.52958,8.176936,7.846332,7.5377685,7.317366,0.08816200000000052,0.8816109999999995,1.4105759999999998,1.2122139999999995,,,,-1.9033333330000008,-1.6666666669999994,2.5027682979736596,,,4.643377618378607,4.661285135113044,4.1871657640305315,0.0,20.0,0.0
21,1985-06-30 23:59:59.999999999,63.906281559280956,69.2625204068783,0.08048626931019243,4.157417659514213,-0.0011055833077495691,3.902834497107621,2.8698154276508903,2.783914908485541,8.74998275,8.52958,8.176936,7.846332,7.5377685,0.0,0.5289669999999997,0.8816109999999995,1.2122142499999988,,,,-2.030000001000001,-1.9033333330000008,2.5424969234709085,,,4.642264677413501,4.647897960275268,4.187248637896579,0.0,21.0,0.0
22,1985-09-30 23:59:59.999999999,65.15855382750959,69.65165182525028,0.06668282671676629,4.176823589311822,0.012006069218472248,3.7837550405302234,3.0369576947803347,3.129950535843756,8.8822245,8.74998275,8.52958,8.176936,7.846332,0.08816000000000024,0.440804,0.5289669999999997,1.0358924999999992,,,,-1.6233333339999998,-2.030000001000001,2.5900621298399074,,,4.643954142260115,4.645288881263441,4.187332415483333,0.0,22.0,0.0
23,1985-12-31 23:59:59.999999999,65.37063219551607,69.98751675805936,0.06824378550635579,4.180073108612233,0.025821010462580674,3.765992848266259,3.33753422248686,3.071490032023366,8.9924255,8.8822245,8.74998275,8.52958,8.176936,0.0,0.17632200000000076,0.440804,0.8154895,,,,-1.636666667,-1.6233333339999998,2.6244744771434885,,,4.65291217897673,4.643931310687943,4.18741618605199,0.0,23.0,0.0
24,1986-03-31 23:59:59.999999999,65.63320541304786,70.33013191381987,0.06911857799792998,4.184081747961072,0.032051520269996914,3.807157824599372,3.7478950077646624,2.8479468413143136,9.036506,8.9924255,8.8822245,8.74998275,8.52958,-0.08816000000000024,0.0,0.17632200000000076,0.506926,-15.300000000000002,-5.125,-32.275,-1.9399999999999995,-1.636666667,2.670070898856974,,,4.668136372956183,4.643377618378607,4.187498128731554,0.0,24.0,0.0
25,1986-06-30 23:59:59.999999999,66.02706523934559,70.67358945466557,0.06800720783598369,4.190064737350879,0.03264707783666587,4.018059370869204,3.902834497107621,2.8698154276508903,9.036506,9.036506,8.9924255,8.8822245,8.74998275,0.17632200000000076,0.17632200000000076,0.0,0.2865232500000001,-12.700000000000001,-3.075,-26.425,-2.983333332999999,-1.9399999999999995,2.7482073843853074,,,4.68812093495397,4.642264677413501,4.18772644462235,0.0,25.0,0.0
26,1986-09-30 23:59:59.999999999,66.14825287820642,71.01431586344756,0.07098300989986228,4.191898478696021,0.015074889384198542,4.314199896873161,3.7837550405302234,3.0369576947803347,9.0805865,9.036506,9.036506,8.9924255,8.8822245,0.08815999999999846,0.17632199999999898,0.17632200000000076,0.19836200000000126,-11.116666666666667,-2.541666666666667,-22.358333333333334,-2.7433333319999997,-2.983333332999999,2.8502528457015694,,,4.696969068545317,4.643954142260115,4.187957216500616,0.0,26.0,0.0
27,1986-12-31 23:59:59.999999999,66.48151888507373,71.36738074630877,0.07091691512954146,4.1969239975346,0.016850888922366636,4.612030980548543,3.765992848266259,3.33753422248686,9.124667,9.0805865,9.036506,9.036506,8.9924255,0.0,0.17632199999999898,0.17632199999999898,0.132241500000001,-8.25,-0.7666666666666668,-17.56666666666667,-1.4886666650000002,-2.7433333319999997,2.983779297655958,,,4.70007851362061,4.65291217897673,4.188187935135508,0.0,27.0,0.0
28,1987-03-31 23:59:59.999999999,66.04726317915573,71.717333524791,0.08236187456505117,4.190370594517968,0.00628884655689621,4.991822343900975,3.807157824599372,3.7478950077646624,9.1687475,9.124667,9.0805865,9.036506,9.036506,0.08816200000000052,0.35264399999999974,0.17632199999999898,0.132241500000001,-7.933333333333332,-1.916666666666667,-16.06666666666667,-0.47999999900000034,-1.4886666650000002,3.096835731179108,,,4.701765978594273,4.668136372956183,4.18841358665174,0.0,28.0,0.0
29,1987-06-30 23:59:59.999999999,67.10765501918804,72.11365514688877,0.0719452969182468,4.206298121214068,0.016233383863189843,4.911451809898477,4.018059370869204,3.902834497107621,9.2569085,9.1687475,9.124667,9.0805865,9.036506,0.0,0.17632199999999898,0.35264399999999974,0.2204025000000005,-9.066666666666666,-3.716666666666667,-19.125000000000004,0.670000001,-0.47999999900000034,3.1817525680091903,,,4.702644923574958,4.68812093495397,4.188612244626929,0.0,29.0,0.0
30,1987-09-30 23:59:59.999999999,67.20864471823874,72.46883366925775,0.07535470811558476,4.207801880895935,0.01590340219991404,4.849356029211643,4.314199896873161,3.7837550405302234,9.300989,9.2569085,9.1687475,9.124667,9.0805865,-0.08816200000000052,0.0,0.17632199999999898,0.22040249999999872,-9.666666666666666,-4.483333333333333,-21.016666666666666,0.7200000000000006,0.670000001,3.2284584780943515,,,4.708748698014973,4.696969068545317,4.188813045546921,0.0,30.0,0.0
31,1987-12-31 23:59:59.999999999,67.46111896586548,72.84726645567278,0.07681359242521602,4.211551416597414,0.014627419062814617,4.5935158913882335,4.612030980548543,3.765992848266259,9.300989,9.300989,9.2569085,9.1687475,9.124667,-0.08815999999999846,-0.08815999999999846,0.0,0.17632199999999898,-10.066666666666666,-4.216666666666667,-22.175,0.8053333330000001,0.7200000000000006,3.267168165209074,,,4.712947934216769,4.70007851362061,4.189013806153998,0.0,31.0,0.0
32,1988-03-31 23:59:59.999999999,67.92567158149869,73.23350434183328,0.07523898347113356,4.218414042366938,0.028043447848969727,4.389601584738645,4.991822343900975,3.807157824599372,9.278948999999999,9.300989,9.300989,9.2569085,9.1687475,-0.17632200000000076,-0.35264399999999974,-0.08815999999999846,0.11020149999999873,-9.891666666666667,-3.5166666666666666,-22.191666666666666,-0.3833333339999996,0.8053333330000001,3.2214001114154143,,,4.712579773301511,4.701765978594273,4.189212344938405,0.0,32.0,0.0
33,1988-06-30 23:59:59.999999999,68.70329226418906,73.61130948924725,0.06900155505700667,4.229797120411784,0.023498999197715698,4.515516383019391,4.911451809898477,4.018059370869204,9.190788,9.278948999999999,9.300989,9.300989,9.2569085,-0.17632200000000076,-0.5289660000000005,-0.35264399999999974,-0.06612050000000025,-8.816666666666668,-2.65,-19.40833333333333,-0.3766666670000003,-0.3833333339999996,3.1352144126904737,2.880713504876689,,4.708728355904581,4.702644923574958,4.189210273161427,0.0,33.0,0.0
34,1988-09-30 23:59:59.999999999,69.01636033124622,73.9702663592906,0.06931962376103407,4.23434358274196,0.026541701846025667,4.51263938229568,4.849356029211643,4.314199896873161,9.058546499999999,9.190788,9.278948999999999,9.300989,9.300989,0.0,-0.440804,-0.5289660000000005,-0.242442500000001,-7.250000000000001,-1.2916666666666667,-15.491666666666667,-0.2600000000000007,-0.3766666670000003,3.08897886019641,2.8419326979925277,,4.704023560728709,4.708748698014973,4.189208178613306,0.0,34.0,0.0
35,1988-12-31 23:59:59.999999999,69.79398101393659,74.33649800175536,0.06305428174229011,4.245547774158117,0.03399635756070296,4.6851611450261235,4.5935158913882335,4.612030980548543,8.9483455,9.058546499999999,9.190788,9.278948999999999,9.300989,-0.17632199999999898,-0.5289660000000005,-0.440804,-0.3526434999999992,-5.824999999999999,-0.20833333333333337,-12.45,-0.35333333300000014,-0.2600000000000007,3.0606099349248166,2.770696573235914,,4.696722604919399,4.712947934216769,4.189206084060798,0.0,35.0,0.0
36,1989-03-31 23:59:59.999999999,69.97576247222784,74.67606125681156,0.06501064398182876,4.248148931694105,0.029734889327166947,4.765455034763189,4.389601584738645,4.991822343900975,8.816104,8.9483455,9.058546499999999,9.190788,9.278948999999999,-0.08816200000000052,-0.44080600000000025,-0.5289660000000005,-0.46284499999999973,-4.883333333333333,0.45833333333333326,-10.583333333333334,1.0299999999999994,-0.35333333300000014,3.1420309030363662,2.7021585550588894,,4.6883661966704215,4.712579773301511,4.189204035037794,0.0,36.0,0.0
37,1989-06-30 23:59:59.999999999,69.87477277317714,75.02612346249931,0.07113168615726817,4.246704679565534,0.01690755915374975,4.740122945151515,4.515516383019391,4.911451809898477,8.7059025,8.816104,8.9483455,9.058546499999999,9.190788,-0.17632099999999973,-0.4408049999999992,-0.44080600000000025,-0.48488549999999897,-4.3500000000000005,0.825,-9.983333333333334,1.1046999999999993,1.0299999999999994,3.2690718600415165,2.7299454533816188,2.880713504876689,4.6776356640997125,4.708728355904581,4.188860168364647,0.0,37.0,0.0
38,1989-09-30 23:59:59.999999999,71.3189254696021,75.40517671537394,0.05571420280466377,4.267161726555055,0.03281814381309456,4.905081756736413,4.51263938229568,4.849356029211643,8.59570125,8.7059025,8.816104,8.9483455,9.058546499999999,-0.17632200000000076,-0.617127,-0.4408049999999992,-0.4628452499999991,-4.441666666666666,0.7833333333333333,-11.258333333333333,1.550866666000001,1.1046999999999993,3.3697252849901704,2.7689029387183632,2.8419326979925277,4.669334763604811,4.704023560728709,4.188512402694688,0.0,38.0,0.0
39,1989-12-31 23:59:59.999999999,72.14704100181781,75.71986380183071,0.04833425500845223,4.278706272623058,0.03315849846494068,5.105818480688789,4.6851611450261235,4.5935158913882335,8.4414195,8.59570125,8.7059025,8.816104,8.9483455,-0.17632199999999898,-0.617127,-0.617127,-0.506926,-4.574999999999999,0.925,-12.091666666666667,2.2595666659999996,1.550866666000001,3.463140684742258,2.817298195319372,2.770696573235914,4.665080734260648,4.696722604919399,4.1881645160416925,0.0,39.0,0.0
40,1990-03-31 23:59:59.999999999,73.14683902241973,76.00964460385156,0.03839132065507478,4.29246891426205,0.044319982567945004,5.508103266352227,4.765455034763189,4.389601584738645,8.28713775,8.4414195,8.59570125,8.7059025,8.816104,-0.08816200000000052,-0.617127,-0.617127,-0.5289662499999999,-4.633333333333333,0.9416666666666667,-12.416666666666666,1.830666667000001,2.2595666659999996,3.5159107803237175,2.903354857922413,2.7021585550588894,4.666360263086296,4.6883661966704215,4.18782407499461,0.0,40.0,0.0
41,1990-06-30 23:59:59.999999999,72.97515653403354,76.25711812611664,0.0439917018298015,4.290119061774309,0.04341438220877514,5.934407980650097,4.740122945151515,4.515516383019391,8.132856,8.28713775,8.4414195,8.59570125,8.7059025,-0.08816099999999949,-0.5289669999999997,-0.617127,-0.5730465000000002,-4.45,1.3916666666666666,-12.208333333333332,1.0767666670000011,1.830666667000001,3.5331944172461927,2.933200431744332,2.7299454533816188,4.6751882624093035,4.6776356640997125,4.1872029822673555,0.0,41.0,0.0
42,1990-09-30 23:59:59.999999999,73.93455867501514,76.53409860983952,0.03455601527142882,4.303180359713366,0.036018633158311,6.309156669042681,4.905081756736413,4.51263938229568,8.00061425,8.132856,8.28713775,8.4414195,8.59570125,0.0,-0.352644999999999,-0.5289669999999997,-0.5950869999999995,-4.283333333333333,1.6166666666666667,-11.866666666666667,0.9804999999999993,1.0767666670000011,3.5548346212071045,2.8922224194004746,2.7689029387183632,4.684925839251086,4.669334763604811,4.186574671961706,0.0,42.0,0.0
43,1990-12-31 23:59:59.999999999,73.43970914966674,76.7703025919688,0.04435309444725899,4.296464785924038,0.017758513300980105,6.594343465480873,5.105818480688789,4.6851611450261235,7.912453000000001,8.00061425,8.132856,8.28713775,8.4414195,0.0,-0.176323,-0.352644999999999,-0.5289664999999992,-4.725,1.2416666666666667,-13.4,-0.3935999999999993,0.9804999999999993,3.518791281195237,2.996763745453462,2.817298195319372,4.693954598248606,4.665080734260648,4.185945966634007,0.0,43.0,0.0
44,1991-03-31 23:59:59.999999999,73.86386588567967,77.06199157741632,0.04238643459119462,4.30222374877605,0.009754834514000166,6.484483139005842,5.508103266352227,4.765455034763189,7.86837225,7.912453000000001,8.00061425,8.132856,8.28713775,0.08816099999999949,0.0,-0.176323,-0.41876549999999924,-6.025,0.31666666666666676,-17.066666666666666,-0.9668333330000003,-0.3935999999999993,3.4676071141773344,3.128508342320574,2.903354857922413,4.699795306672536,4.666360263086296,4.185330546101756,0.0,44.0,0.0
45,1991-06-30 23:59:59.999999999,74.24762674207231,77.34302470669493,0.04084458052724749,4.307405814102246,0.017286752327937194,6.286380191971502,5.934407980650097,4.740122945151515,7.86837225,7.86837225,7.912453000000001,8.00061425,8.132856,0.2644839999999995,0.352644999999999,0.0,-0.26448375000000013,-7.566666666666666,-0.875,-21.666666666666668,-0.3318333340000006,-0.9668333330000003,3.4300697258938495,3.1397729903153264,2.933200431744332,4.697609684143906,4.6751882624093035,4.184814414071333,0.0,45.0,0.0
46,1991-09-30 23:59:59.999999999,74.14663704302161,77.61285097885595,0.04568830475223873,4.3060447141235025,0.0028643544101365492,6.229581065934069,6.309156669042681,4.905081756736413,7.956533500000001,7.86837225,7.86837225,7.912453000000001,8.00061425,0.264482000000001,0.617127,0.352644999999999,-0.044080749999999114,-8.7,-1.6666666666666665,-24.5,-0.4789999999999992,-0.3318333340000006,3.3910198548810193,3.1803975208046067,2.8922224194004746,4.687943023700045,4.684925839251086,4.184292339320044,0.0,46.0,0.0
47,1991-12-31 23:59:59.999999999,74.10624116340134,77.91434281174122,0.050110299197918096,4.30549975498195,0.009034969057911901,6.058676179160399,6.594343465480873,5.105818480688789,8.11081525,7.956533500000001,7.86837225,7.86837225,7.912453000000001,0.176323,0.79345,0.617127,0.19836224999999885,-9.725,-2.308333333333333,-27.208333333333332,-0.33613333299999937,-0.4789999999999992,3.3897519830634684,3.1094845607305164,2.996763745453462,4.67635524321178,4.693954598248606,4.183769991864332,0.0,47.0,0.0
48,1992-03-31 23:59:59.999999999,74.80307008685114,78.24080457236346,0.04493238098277974,4.314858928080012,0.012635179303962296,6.220034187404916,6.484483139005842,5.508103266352227,8.30917775,8.11081525,7.956533500000001,7.86837225,7.86837225,0.1469339999999999,0.8522230000000004,0.79345,0.44080549999999974,-10.075,-2.175,-28.25,0.4336000000000002,-0.33613333299999937,3.414290355506731,2.99557320766215,3.128508342320574,4.665435600264691,4.699795306672536,4.1832530535446955,0.0,48.0,0.0
49,1992-06-30 23:59:59.999999999,75.54029488992123,78.54322727294284,0.03898291808964949,4.324666221035246,0.017260406932999572,6.506487215165779,6.286380191971502,5.934407980650097,8.522233499999999,8.30917775,8.11081525,7.956533500000001,7.86837225,0.14693600000000018,0.7346750000000011,0.8522230000000004,0.6538612499999985,-10.025,-1.9,-27.724999999999998,0.7363,0.4336000000000002,3.4432225497554834,2.959528825217318,3.1397729903153264,4.658146045434947,4.697609684143906,4.182927467347656,0.0,49.0,0.0
50,1992-09-30 23:59:59.999999999,75.82306604726318,78.82143318897575,0.0387824068907916,4.3284025477731225,0.022357833649619963,6.662149608072732,6.229581065934069,6.309156669042681,8.70590225,8.522233499999999,8.30917775,8.11081525,7.956533500000001,0.20570799999999956,0.6759009999999996,0.7346750000000011,0.7493687499999986,-9.733333333333334,-1.65,-26.9,0.9563666669999993,0.7363,3.4620035198174604,2.9742528464460616,3.1803975208046067,4.659066132662762,4.687943023700045,4.182598195484835,0.0,50.0,0.0
51,1992-12-31 23:59:59.999999999,75.94425368612403,79.10041777172181,0.04071858931317074,4.329999567010609,0.02449981202865903,7.9977108672957495,6.058676179160399,6.594343465480873,8.8748775,8.70590225,8.522233499999999,8.30917775,8.11081525,0.20570999999999984,0.7052879999999995,0.6759009999999996,0.7640622500000003,-9.591666666666667,-1.4916666666666667,-26.733333333333334,0.8745333329999987,0.9563666669999993,3.457151867279565,2.9766711441552554,3.1094845607305164,4.665894633717067,4.67635524321178,4.182268815166342,0.0,51.0,0.0
52,1993-03-31 23:59:59.999999999,75.83316501716826,79.39954286664688,0.04595688072289317,4.328535730166607,0.01367680208659472,8.30304281072377,6.220034187404916,6.484483139005842,9.051199500000001,8.8748775,8.70590225,8.522233499999999,8.30917775,0.38203099999999957,0.9403849999999991,0.7052879999999995,0.742021750000001,-9.341666666666667,-1.4083333333333334,-26.28333333333333,1.3594666659999994,0.8745333329999987,3.445805006207242,2.959402675989877,2.99557320766215,4.677327577366839,4.665435600264691,4.181946490276198,0.0,52.0,0.0
53,1993-06-30 23:59:59.999999999,76.27751969299132,79.70709028643891,0.0439802796477915,4.334378264380171,0.00971204334492537,8.735770631939399,6.506487215165779,6.286380191971502,9.28629575,9.051199500000001,8.8748775,8.70590225,8.522233499999999,0.3526490000000013,1.1460980000000003,0.9403849999999991,0.764062250000002,-9.558333333333334,-1.8166666666666669,-26.925,-2.2651000000000003,1.3594666659999994,3.443583187723567,2.963135808311396,2.959528825217318,4.689037313376382,4.658146045434947,4.1816831931619785,0.0,53.0,0.0
54,1993-09-30 23:59:59.999999999,76.085639264795,80.00688866294992,0.050253200934940345,4.331859538318709,0.003456990545586791,8.367833393096074,6.662149608072732,6.229581065934069,9.57282025,9.28629575,9.051199500000001,8.8748775,8.70590225,0.3232499999999998,1.2636400000000005,1.1460980000000003,0.8669180000000001,-9.95,-2.9833333333333334,-27.31666666666667,-3.2733666670000003,-2.2651000000000003,3.43990091764572,2.9407340713702803,2.9742528464460616,4.698646478247223,4.659066132662762,4.181416932181898,0.0,54.0,0.0
55,1993-12-31 23:59:59.999999999,75.54029488992123,80.33758120394742,0.061571300446741084,4.324666221035246,-0.0053333459753632795,6.843327997318365,7.9977108672957495,6.058676179160399,9.88873025,9.57282025,9.28629575,9.051199500000001,8.8748775,0.26449000000000034,1.322420000000001,1.2636400000000005,1.0138527499999999,-10.691666666666666,-4.566666666666666,-27.341666666666665,-3.965266665999999,-3.2733666670000003,3.484833031860966,2.891551085518538,2.9766711441552554,4.696661048237052,4.665894633717067,4.181150600288027,0.0,55.0,0.0
56,1994-03-31 23:59:59.999999999,75.76247222783276,80.71931890350545,0.06337485753491467,4.327603080708555,-0.0009326494580514932,5.93271066103605,8.30304281072377,6.220034187404916,10.21933525,9.88873025,9.57282025,9.28629575,9.051199500000001,0.14692999999999934,1.0873190000000008,1.322420000000001,1.1681357499999994,-10.991666666666667,-5.391666666666667,-26.150000000000002,-5.3369,-3.965266665999999,3.5515463960024425,2.8327748097413634,2.959402675989877,4.690423035833679,4.677327577366839,4.180889989563499,0.0,56.0,0.0
57,1994-06-30 23:59:59.999999999,75.69177943849728,81.11023831881245,0.06913963569190518,4.326669560603421,-0.0077087037767498146,4.8908347768853835,8.735770631939399,6.506487215165779,10.491165,10.21933525,9.88873025,9.57282025,9.28629575,0.02938999999999936,0.7640599999999989,1.0873190000000008,1.2048692499999998,-10.525,-5.366666666666667,-23.316666666666666,-2.2908333329999993,-5.3369,3.6105009794130334,2.7664186215699718,2.963135808311396,4.6845633925906744,4.689037313376382,4.1807055037640755,0.0,57.0,0.0
58,1994-09-30 23:59:59.999999999,76.20682690365582,81.52984240438846,0.06751806710501285,4.333451050590979,0.0015915122722693908,4.424138580965936,8.367833393096074,6.662149608072732,10.68218,10.491165,10.21933525,9.88873025,9.57282025,-0.26449000000000034,0.1763199999999987,0.7640599999999989,1.1093597500000012,-9.466666666666667,-3.9749999999999996,-20.008333333333336,-1.7386999999999997,-2.2908333329999993,3.640001619744405,2.7340952485126637,2.9407340713702803,4.678964405118478,4.698646478247223,4.180518956043662,0.0,58.0,0.0
59,1994-12-31 23:59:59.999999999,76.84306200767523,81.94254202944957,0.0642531084532143,4.341765186243246,0.01709896520800047,4.0666680199069605,6.843327997318365,7.9977108672957495,10.72626,10.68218,10.491165,10.21933525,9.88873025,-0.20569999999999844,-0.2938700000000001,0.1763199999999987,0.8375297499999999,-7.475,-1.675,-15.025000000000002,-0.9124333340000002,-1.7386999999999997,3.6381397669294238,2.738600776944842,2.891551085518538,4.684394461929027,4.696661048237052,4.180332373516704,0.0,59.0,0.0
60,1995-03-31 23:59:59.999999999,76.93395273682086,82.33877381743376,0.06789482742574648,4.3429472971052725,0.015344216396717236,3.8717078713359108,5.93271066103605,8.30304281072377,10.6527925,10.72626,10.68218,10.491165,10.21933525,-0.2788000000000004,-0.7195999999999998,-0.2938700000000001,0.43345725,-5.941666666666666,-0.25,-11.766666666666666,0.29000000000000004,-0.9124333340000002,3.6104101368413235,2.760001118364183,2.8327748097413634,4.688397983384746,4.690423035833679,4.180149813439383,0.0,60.0,0.0
61,1995-06-30 23:59:59.999999999,77.72167238941628,82.74668689638474,0.0626498335374599,4.353134142412266,0.02646458180884448,4.137653156148419,4.8908347768853835,8.735770631939399,10.4728925,10.6527925,10.72626,10.68218,10.491165,-0.19738399999999956,-0.9463739999999987,-0.7195999999999998,-0.018272500000000136,-5.199999999999999,0.20833333333333334,-10.141666666666666,1.806666667,0.29000000000000004,3.554170432716501,2.8074535077518927,2.7664186215699718,4.693797200490332,4.6845633925906744,4.180051086588705,0.0,61.0,0.0
62,1995-09-30 23:59:59.999999999,77.96404766713796,83.13437501507678,0.0642104816673088,4.3562477930855446,0.02279674249456587,4.630136602470181,4.424138580965936,8.367833393096074,10.236299,10.4728925,10.6527925,10.72626,10.68218,0.15214399999999983,-0.5297399999999985,-0.9463739999999987,-0.44588099999999997,-4.416666666666666,0.6583333333333333,-8.008333333333333,0.5266666669999998,1.806666667,3.5312202827389236,2.8373946014669,2.7340952485126637,4.700999940055332,4.678964405118478,4.179951264918351,0.0,62.0,0.0
63,1995-12-31 23:59:59.999999999,78.20642294485963,83.52978955822826,0.06585155038592383,4.359351779023136,0.01758659277988972,4.658156231481447,4.0666680199069605,6.843327997318365,10.103864,10.236299,10.4728925,10.6527925,10.72626,0.08062999999999931,-0.2434100000000008,-0.5297399999999985,-0.6223960000000002,-4.716666666666666,-0.15000000000000002,-9.158333333333333,0.41666666699999944,0.5266666669999998,3.5167166681893196,2.8286093679517763,2.738600776944842,4.706120551025186,4.684394461929027,4.179851433282636,0.0,63.0,0.0
64,1996-03-31 23:59:59.999999999,78.03474045647344,83.93741295004413,0.0729173192019763,4.357154118000307,0.014206820895034333,4.484945034069154,3.8717078713359108,5.93271066103605,10.0430115,10.103864,10.236299,10.4728925,10.6527925,0.20411,0.2394999999999996,-0.2434100000000008,-0.6097809999999999,-7.025,-2.7416666666666663,-14.625,-2.186666666,0.41666666699999944,3.5044253038885467,2.835026992262656,2.760001118364183,4.712386844517429,4.688397983384746,4.179752676967976,0.0,64.0,0.0
65,1996-06-30 23:59:59.999999999,78.4185013128661,84.3748990834461,0.07321006749442205,4.3620598856495105,0.00892574323724471,3.562697581703361,4.137653156148419,4.8908347768853835,10.1028865,10.0430115,10.103864,10.236299,10.4728925,0.17314000000000007,0.6100239999999992,0.2394999999999996,-0.37000600000000006,-8.675,-4.316666666666666,-18.6,-3.7,-2.186666666,3.527123936619772,2.858688524124011,2.8074535077518927,4.7156443662875285,4.693797200490332,4.179662289519538,0.0,65.0,0.0
66,1996-09-30 23:59:59.999999999,78.64067865077763,84.81905349269908,0.0756310993296152,4.36488910564371,0.008641312558165026,2.4890398209160507,4.630136602470181,4.424138580965936,10.2553925,10.1028865,10.0430115,10.103864,10.236299,0.15723999999999982,0.6151199999999992,0.6100239999999992,0.019093499999998542,-11.225000000000001,-6.408333333333333,-24.883333333333333,-2.4099999999999997,-3.7,3.5576355760220277,2.8773108510623593,2.8373946014669,4.715816927553627,4.700999940055332,4.1795709004966275,0.0,66.0,0.0
67,1996-12-31 23:59:59.999999999,78.43869925267623,85.2836694878616,0.0836655697092743,4.36231741848637,0.0029656394632340266,1.9587067477975229,4.658156231481447,4.0666680199069605,10.4091725,10.2553925,10.1028865,10.0430115,10.103864,0.06473000000000084,0.5992200000000008,0.6151199999999992,0.30530850000000065,-12.983333333333334,-7.3999999999999995,-29.358333333333334,-2.7299999999999995,-2.4099999999999997,3.581291183535588,2.9407781300430877,2.8286093679517763,4.713341362705602,4.706120551025186,4.179479503121,0.0,67.0,0.0
68,1997-03-31 23:59:59.999999999,78.66087659058776,85.79496972036645,0.08681446582080099,4.365145910986672,0.007991792986365098,1.621789311386801,4.484945034069154,3.8717078713359108,10.558977500000001,10.4091725,10.2553925,10.1028865,10.0430115,0.07631999999999906,0.4714299999999998,0.5992200000000008,0.5159660000000006,-12.891666666666667,-6.699999999999999,-29.416666666666668,-1.1633333339999998,-2.7299999999999995,3.6334985420380916,3.0229237923795997,2.835026992262656,4.7076070975052335,4.712386844517429,4.1793900845610565,0.0,68.0,0.0
69,1997-06-30 23:59:59.999999999,78.92344980811959,86.32140856712581,0.08959924586392543,4.368478392922301,0.0064185072727900305,1.5746514824337976,3.562697581703361,4.137653156148419,10.676835,10.558977500000001,10.4091725,10.2553925,10.1028865,0.00262999999999991,0.30091999999999963,0.4714299999999998,0.5739485000000002,-12.708333333333334,-6.216666666666666,-29.275000000000002,-0.536666667,-1.1633333339999998,3.6978046642371143,3.0557674598810105,2.858688524124011,4.6983629596083105,4.7156443662875285,4.179160815136585,0.0,69.0,0.0
70,1997-09-30 23:59:59.999999999,80.29690971520905,86.86291078154846,0.07860000176220527,4.385731135968206,0.02084203032449672,1.798103023552028,2.4890398209160507,4.630136602470181,10.752065,10.676835,10.558977500000001,10.4091725,10.2553925,-0.09729999999999883,0.046380000000000976,0.30091999999999963,0.49667250000000074,-11.758333333333333,-5.0249999999999995,-27.3,-0.4333333330000002,-0.536666667,3.751005022693624,3.036453697081979,2.8773108510623593,4.687737729632756,4.715816927553627,4.178928972821455,0.0,70.0,0.0
71,1997-12-31 23:59:59.999999999,80.70086851141184,87.3503579430756,0.07917779693329585,4.390749337441186,0.02843191895481567,1.8636385799529531,1.9587067477975229,4.658156231481447,10.76366,10.752065,10.676835,10.558977500000001,10.4091725,-0.1757300000000015,-0.19408000000000136,0.046380000000000976,0.3544874999999994,-9.741666666666667,-3.633333333333333,-21.933333333333334,0.17333333299999998,-0.4333333330000002,3.8333516262469765,3.006009294992884,2.9407781300430877,4.673178795338381,4.713341362705602,4.178697076743001,0.0,71.0,0.0
72,1998-03-31 23:59:59.999999999,80.60997778226621,87.8414938073132,0.08591154794432754,4.389622435675403,0.024476524688730628,2.006265594898071,1.621789311386801,4.484945034069154,10.715139999999998,10.76366,10.752065,10.676835,10.558977500000001,-0.24758999999999887,-0.5179899999999993,-0.19408000000000136,0.1561624999999971,-8.0,-2.3499999999999996,-17.65833333333333,0.27,0.17333333299999998,3.8890198524271753,2.9487160431368493,3.0229237923795997,4.66537481828698,4.7076070975052335,4.1784701698368085,0.0,72.0,0.0
73,1998-06-30 23:59:59.999999999,81.67036962229854,88.36530053529297,0.07878810154051674,4.402691263162545,0.03421287024024444,2.2311559459297916,1.5746514824337976,3.562697581703361,10.5856425,10.715139999999998,10.76366,10.752065,10.676835,-0.04579000000000022,-0.5664099999999994,-0.5179899999999993,-0.09119250000000001,-7.016666666666666,-1.6166666666666663,-15.283333333333331,0.18333333299999977,0.27,3.9439993306132486,2.8474284690854303,3.0557674598810105,4.661428394114519,4.6983629596083105,4.178080698698102,0.0,73.0,0.0
74,1998-09-30 23:59:59.999999999,82.60957382347001,88.84754130795811,0.0727963021621143,4.414125579663516,0.028394443695309413,2.2612327611290506,1.798103023552028,2.4890398209160507,10.444040000000001,10.5856425,10.715139999999998,10.76366,10.752065,0.07254000000000005,-0.39657000000000053,-0.5664099999999994,-0.3080249999999989,-6.133333333333333,-1.3999999999999995,-13.383333333333333,0.1533333330000004,0.18333333299999977,4.037572535273903,2.7722868955125564,3.036453697081979,4.661592679946476,4.687737729632756,4.1776867933989745,0.0,74.0,0.0
75,1998-12-31 23:59:59.999999999,82.74086043223592,89.29334730260582,0.07621342660769237,4.415713560208538,0.024964222767351885,2.477981219531439,1.8636385799529531,1.9587067477975229,10.3448975,10.444040000000001,10.5856425,10.715139999999998,10.76366,-0.013120000000000687,-0.23395999999999972,-0.39657000000000053,-0.4187624999999997,-5.4,-0.8916666666666664,-11.924999999999999,-0.20666666600000028,0.1533333330000004,4.103957847284599,2.673050389694542,3.006009294992884,4.668154363825293,4.673178795338381,4.177292732877318,0.0,75.0,0.0
76,1999-03-31 23:59:59.999999999,83.20541304786913,89.76229088575805,0.07585255741217267,4.421312406382313,0.031689970706910486,2.636520749750243,2.006265594898071,1.621789311386801,10.2864075,10.3448975,10.444040000000001,10.5856425,10.715139999999998,0.009920000000001039,0.023550000000000182,-0.23395999999999972,-0.42873249999999885,-4.733333333333333,-0.3916666666666662,-10.358333333333334,-0.5177333330000002,-0.20666666600000028,4.155361922057327,2.544065968724697,2.9487160431368493,4.671213958260588,4.66537481828698,4.176907088573576,0.0,76.0,0.0
77,1999-06-30 23:59:59.999999999,83.78105433245808,90.23028986949679,0.07415827858746837,4.428206899976086,0.025515636813540965,2.650390400631802,2.2311559459297916,1.5746514824337976,10.292295000000001,10.2864075,10.3448975,10.444040000000001,10.5856425,-0.12948000000000093,-0.060140000000000526,0.023550000000000182,-0.29334749999999943,-3.8916666666666666,0.10833333333333384,-8.408333333333333,-0.9775999999999998,-0.5177333330000002,4.205786293166519,2.4882948349461356,2.8474284690854303,4.671213958260589,4.661428394114519,4.176530093340789,0.0,77.0,0.0
78,1999-09-30 23:59:59.999999999,84.15471621894567,90.69348565115617,0.07482856706251262,4.432656964448929,0.018531384785413607,2.601917169239548,2.2612327611290506,1.798103023552028,10.27726,10.292295000000001,10.2864075,10.3448975,10.444040000000001,-0.25029699999999977,-0.38297700000000034,-0.060140000000000526,-0.16678000000000104,-3.7499999999999996,0.5416666666666672,-8.966666666666667,-0.9843333330000004,-0.9775999999999998,4.225043453531554,2.5246678343248514,2.7722868955125564,4.665606763941691,4.661592679946476,4.176148810771643,0.0,78.0,0.0
79,1999-12-31 23:59:59.999999999,85.25550393859827,91.16225592526365,0.06698827453863831,4.445652676409167,0.02993911620062928,2.3905898552085523,2.477981219531439,1.8636385799529531,10.18151575,10.27726,10.292295000000001,10.2864075,10.3448975,-0.4174100000000003,-0.7872669999999999,-0.38297700000000034,-0.16338174999999922,-3.5749999999999997,0.9000000000000005,-9.275,-0.4615666669999996,-0.9843333330000004,4.263490118659844,2.65085611216302,2.673050389694542,4.65639402694309,4.668154363825293,4.175767382770648,0.0,79.0,0.0
80,2000-03-31 23:59:59.999999999,85.61906685518078,91.5906295252891,0.06742096670915387,4.449908001979305,0.028595595596992318,2.1925497564994956,2.636520749750243,2.006265594898071,9.984698999999999,10.18151575,10.27726,10.292295000000001,10.2864075,-0.4878859999999996,-1.2850730000000006,-0.7872669999999999,-0.30170850000000016,-2.8166666666666664,1.6583333333333337,-8.0,0.36960000000000015,-0.4615666669999996,4.353884578219182,2.841862472374651,2.544065968724697,4.643517347682032,4.671213958260588,4.175389957548128,0.0,80.0,0.13527595427905592
81,2000-06-30 23:59:59.999999999,86.40678650777622,92.02084660996063,0.06294892469810076,4.459066220269019,0.030859320292933035,2.0317999776317874,2.650390400631802,2.2311559459297916,9.66343075,9.984698999999999,10.18151575,10.27726,10.292295000000001,-0.37268399999999957,-1.5282769999999992,-1.2850730000000006,-0.6288642500000012,-2.175,2.358333333333334,-6.808333333333333,1.5136666669999999,0.36960000000000015,4.453512709603046,3.059014828503728,2.4882948349461356,4.631174333217888,4.671213958260589,4.175172130336762,0.0,81.0,0.2776716956254306
82,2000-09-30 23:59:59.999999999,86.74005251464351,92.42793685912505,0.06351353607728694,4.462915743832948,0.030258779384018553,2.1964948043920183,2.601917169239548,2.2612327611290506,9.2813615,9.66343075,9.984698999999999,10.18151575,10.27726,-0.3167350000000013,-1.5947150000000008,-1.5282769999999992,-0.9958985000000009,-0.9833333333333336,2.9750000000000005,-3.208333333333333,2.0917000000000003,1.5136666669999999,4.545236111544639,3.1962401507850604,2.5246678343248514,4.619459003256159,4.665606763941691,4.174951861175511,0.0,82.0,0.42756194967424604
83,2000-12-31 23:59:59.999999999,88.43667945869521,92.84079371947361,0.0485993211072584,4.482286809588947,0.03663413317978037,2.379720772506805,2.3905898552085523,2.477981219531439,8.882682749999999,9.2813615,9.66343075,9.984698999999999,10.18151575,-0.24378399999999978,-1.4210890000000003,-1.5947150000000008,-1.298833000000002,-0.7500000000000001,2.941666666666667,-2.2,2.065033333,2.0917000000000003,4.6322700271180945,3.2956040358970995,2.65085611216302,4.6081168860756545,4.65639402694309,4.174731543485067,0.0,83.0,0.5853411644624729
84,2001-03-31 23:59:59.999999999,88.38618460916986,93.17205367790352,0.05273214875670984,4.481715674728485,0.031807672749179616,2.5862932397830884,2.1925497564994956,2.636520749750243,8.5274105,8.882682749999999,9.2813615,9.66343075,9.984698999999999,-0.186920999999999,-1.1201239999999997,-1.4210890000000003,-1.4572884999999989,-0.625,2.916666666666667,-1.825,1.3994,2.065033333,4.672561874691505,3.348900120322414,2.841862472374651,4.596562519323272,4.643517347682032,4.174515968330899,0.0,84.0,0.75142454845008
85,2001-06-30 23:59:59.999999999,88.02262169258736,93.52191677088848,0.06060196666181206,4.477593846131233,0.018527625862214236,2.9391230257487857,2.0317999776317874,2.650390400631802,8.2473795,8.5274105,8.882682749999999,9.2813615,9.66343075,-0.12551500000000004,-0.8729550000000001,-1.1201239999999997,-1.4160512500000006,-0.13333333333333336,3.250000000000001,-0.7333333333333334,0.5503999999999998,1.3994,4.65099513001411,3.338924049273787,3.059014828503728,4.5927342154873605,4.631174333217888,4.174469418955189,0.0,85.0,0.9262491631738771
86,2001-09-30 23:59:59.999999999,89.48697232882246,93.91128810616435,0.04825753899820917,4.494093054114026,0.03117731028107773,2.841139173845353,2.1964948043920183,2.601917169239548,8.02914075,8.2473795,8.5274105,8.882682749999999,9.2813615,-0.12668800000000058,-0.6829079999999994,-0.8729550000000001,-1.2522207499999993,-1.0416666666666665,2.7333333333333343,-3.6666666666666665,-0.3247,0.5503999999999998,4.613035282931778,3.343612072160921,3.1962401507850604,4.590096891354403,4.619459003256159,4.17442235584508,0.0,86.0,1.1102750734094529
87,2001-12-31 23:59:59.999999999,90.34538477075338,94.23224617362574,0.042122505014236644,4.503639934059517,0.021353124470569362,2.724611047953107,2.379720772506805,2.3905898552085523,7.8584137499999995,8.02914075,8.2473795,8.5274105,8.882682749999999,-0.027750000000000163,-0.4668739999999998,-0.6829079999999994,-1.0242689999999994,-2.341666666666667,2.1333333333333337,-7.841666666666666,-1.5556000000000005,-0.3247,4.532416248026186,3.2954976929862596,3.2956040358970995,4.590384063249893,4.6081168860756545,4.174375290519932,0.0,87.0,1.3039865578679537
88,2002-03-31 23:59:59.999999999,90.45647343970914,94.51692238857002,0.04391011282106305,4.504868778541918,0.023153103813433162,2.486748726242616,2.5862932397830884,2.1925497564994956,7.741695249999999,7.8584137499999995,8.02914075,8.2473795,8.5274105,0.1811740000000004,-0.0987790000000004,-0.4668739999999998,-0.7857152500000009,-3.6333333333333337,1.5250000000000006,-12.141666666666666,-1.401633333,-1.5556000000000005,4.4565643123402525,3.1881877049855376,3.348900120322414,4.593495907935109,4.596562519323272,4.174329246210491,0.0,88.0,1.507893383613744
89,2002-06-30 23:59:59.999999999,91.02201575439305,94.80869690500222,0.04075973593427573,4.511101408623133,0.033507562491899456,1.9012871101617423,2.9391230257487857,2.0317999776317874,7.7170005,7.741695249999999,7.8584137499999995,8.02914075,8.2473795,0.051733999999999725,0.07846999999999937,-0.0987790000000004,-0.530378999999999,-4.75,0.8750000000000004,-15.341666666666665,-1.1743999999999999,-1.401633333,4.4080153581965185,3.137597388861143,3.338924049273787,4.592032390651216,4.5927342154873605,4.174453760305357,0.0,89.0,1.7225321475566813
90,2002-09-30 23:59:59.999999999,91.43607352050093,95.08167329887016,0.03909616312673947,4.515640078062627,0.021547023948601307,1.7153910099392877,2.841139173845353,2.1964948043920183,7.736618,7.7170005,7.741695249999999,7.8584137499999995,8.02914075,-0.008244999999999614,0.19691300000000034,0.07846999999999937,-0.29252274999999983,-4.725,0.9500000000000005,-14.5,-0.9295,-1.1743999999999999,4.359131452823529,3.1163717543721456,3.343612072160921,4.594795408195459,4.590096891354403,4.174579626928704,0.0,90.0,1.9484676885492467
91,2002-12-31 23:59:59.999999999,93.08220561502728,95.34299182667532,0.023997795826776525,4.533483034060388,0.029843100000871203,1.5521006631322443,2.724611047953107,2.379720772506805,7.78584625,7.736618,7.7170005,7.741695249999999,7.8584137499999995,0.14887899999999998,0.3735420000000005,0.19691300000000034,-0.0725674999999999,-4.558333333333334,1.0500000000000005,-13.016666666666667,-0.34553333299999966,-0.9295,4.284122961762833,3.1319479462378808,3.2954976929862596,4.5995447149031765,4.590384063249893,4.174705477711638,0.0,91.0,2.186294573804579
92,2003-03-31 23:59:59.999999999,91.27449000201979,95.50994925571632,0.04535908271043443,4.513871340037948,0.009002561496029848,1.30757054372182,2.486748726242616,2.5862932397830884,7.879231750000001,7.78584625,7.736618,7.7170005,7.741695249999999,0.3002980000000006,0.4926660000000007,0.3735420000000005,0.13753650000000128,-4.483333333333333,1.083333333333334,-11.883333333333333,-0.7166000000000001,-0.34553333299999966,4.204472395585775,3.212783818046614,3.1881877049855376,4.605004084052226,4.593495907935109,4.174828577284195,0.0,92.0,2.4366386635470336
93,2003-06-30 23:59:59.999999999,91.64815188850737,95.7918100725585,0.044220382274542835,4.517956809199775,0.006855400576641912,1.129001525996981,1.9012871101617423,2.9391230257487857,8.00239825,7.879231750000001,7.78584625,7.736618,7.7170005,-0.5000000000000009,-0.0590679999999999,0.4926660000000007,0.28539775000000045,-5.783333333333333,0.33333333333333387,-15.133333333333333,-1.1381999999999999,-0.7166000000000001,4.097259513563015,3.312726491100266,3.137597388861143,4.6153080920878375,4.592032390651216,4.174905779192349,0.0,93.0,2.700158758012776
94,2003-09-30 23:59:59.999999999,92.10260553423552,96.06656622841975,0.04213811625597241,4.5229032331351,0.007263155072473104,0.7788329769619518,1.7153910099392877,2.841139173845353,7.98763125,8.00239825,7.879231750000001,7.78584625,7.736618,-0.20000000000000018,-0.25082300000000046,-0.0590679999999999,0.25101324999999974,-7.408333333333333,-0.6916666666666662,-20.083333333333332,-1.264166667,-1.1381999999999999,4.009704056086042,3.3238510009965285,3.1163717543721456,4.6272653640103085,4.594795408195459,4.174983823414852,0.0,94.0,2.9775483311346096
95,2003-12-31 23:59:59.999999999,92.19349626338115,96.32637800780971,0.043852607594956794,4.523889588631804,-0.009593445428583536,0.421272668856737,1.5521006631322443,2.724611047953107,7.9249255000000005,7.98763125,8.00239825,7.879231750000001,7.78584625,1.200000000000001,0.8002980000000006,-0.25082300000000046,0.13907925000000088,-8.583333333333334,-1.483333333333333,-23.675,-0.9594,-1.264166667,4.005683903443028,3.3375778144337365,3.1319479462378808,4.635942212390409,4.5995447149031765,4.17506186154693,0.0,95.0,3.269537355473382
96,2004-03-31 23:59:59.999999999,92.51666330034337,96.59280734305501,0.043115508217966614,4.527388772081932,0.013517432043983924,0.15778196008088274,1.30757054372182,2.486748726242616,8.125,7.9249255000000005,7.98763125,8.00239825,7.879231750000001,0.09999999999999964,0.5999999999999996,0.8002980000000006,0.24576824999999936,-9.708333333333334,-2.6166666666666663,-26.141666666666666,-0.6225666670000001,-0.9594,4.033980033593488,3.3612324578637622,3.212783818046614,4.645827286789103,4.605004084052226,4.175139045447889,0.0,96.0,3.5768942231984058
97,2004-06-30 23:59:59.999999999,93.01151282569178,96.85860188940738,0.04052892321049306,4.532723279316076,0.014766470116301278,0.1145682146228233,1.129001525996981,1.9012871101617423,8.275,8.125,7.9249255000000005,7.98763125,8.00239825,-0.8000000000000007,0.2999999999999998,0.5999999999999996,0.27260174999999975,-9.116666666666667,-2.4499999999999993,-22.141666666666666,-0.282466667,-0.6225666670000001,4.100872723276959,3.3644111903326968,3.312726491100266,4.65310308029473,4.6153080920878375,4.175179819616264,0.0,97.0,3.900427768172115
98,2004-09-30 23:59:59.999999999,93.28418501312868,97.11085168679105,0.04020254023893166,4.535650586659333,0.012747353524233063,-0.04775838326821491,0.7788329769619518,1.7153910099392877,8.350000000000001,8.275,8.125,7.9249255000000005,7.98763125,-0.09999999999999964,0.40000000000000036,0.2999999999999998,0.3623687500000017,-8.791666666666666,-1.9499999999999995,-19.725,-0.06260000000000021,-0.282466667,4.157988134298652,3.440042263819167,3.3238510009965285,4.654798379766458,4.6272653640103085,4.175221040162455,0.0,98.0,4.24098939446023
99,2004-12-31 23:59:59.999999999,93.31448192284388,97.36390774628778,0.04248027025318546,4.535975314702453,0.012085726070648839,-0.12680589958571353,0.421272668856737,1.5521006631322443,8.45,8.350000000000001,8.275,8.125,7.9249255000000005,0.9000000000000004,0.09999999999999964,0.40000000000000036,0.5250744999999988,-8.116666666666665,-1.4999999999999993,-15.941666666666668,-0.03489999999999993,-0.06260000000000021,4.188768579242278,3.533744915617781,3.3375778144337365,4.657646098998128,4.635942212390409,4.175262259009583,0.0,99.0,4.599475316868771
100,2005-03-31 23:59:59.999999999,92.83983033730561,97.62759064879315,0.05028439061267598,4.530875753930478,0.0034869818485461224,-0.1046820640562024,0.15778196008088274,1.30757054372182,8.475,8.45,8.350000000000001,8.275,8.125,-0.20000000000000107,-0.20000000000000107,0.09999999999999964,0.34999999999999964,-7.55,-0.816666666666666,-13.741666666666667,0.0242,-0.03489999999999993,4.214759290354462,3.6355550160630554,3.3612324578637622,4.66040455200157,4.645827286789103,4.175302580150891,0.0,100.0,4.9768289194040785
101,2005-06-30 23:59:59.999999999,93.59725308018584,97.93514959385536,0.04530448516758678,4.53900103561899,0.0062777563029143835,-0.07251778329523673,0.1145682146228233,1.129001525996981,8.425,8.475,8.45,8.350000000000001,8.275,-0.5999999999999996,0.0,-0.20000000000000107,0.15000000000000036,-7.824999999999999,-1.0083333333333326,-14.783333333333333,-0.005266665999999809,0.0242,4.238701219554743,3.7359360959093344,3.3644111903326968,4.661056319995943,4.65310308029473,4.175458230868219,0.0,101.0,5.374043237862296
102,2005-09-30 23:59:59.999999999,93.84972732781257,98.21142861773963,0.04542773200065575,4.541694857624062,0.006044270964729037,0.10465008729068914,-0.04775838326821491,0.7788329769619518,8.425,8.425,8.475,8.45,8.350000000000001,0.09999999999999964,0.1999999999999993,0.0,0.07499999999999929,-8.3,-1.5249999999999992,-15.525000000000002,0.00106666699999991,-0.005266665999999809,4.2680837006932,3.829938374772353,3.440042263819167,4.6619194410724685,4.654798379766458,4.175615567408894,0.0,102.0,5.792163573081474
103,2005-12-31 23:59:59.999999999,94.62734801050294,98.48997946715633,0.04000828640596765,4.549946525299191,0.013971210596738004,0.2144599467349878,-0.12680589958571353,0.421272668856737,8.475,8.425,8.425,8.475,8.45,0.8000000000000007,0.09999999999999964,0.1999999999999993,0.025000000000000355,-8.741666666666667,-1.5999999999999992,-16.675,0.16453333299999962,0.00106666699999991,4.322948578579099,3.928835995560383,3.533744915617781,4.660595071212937,4.657646098998128,4.175772879198676,0.0,103.0,6.232290241733239
104,2006-03-31 23:59:59.999999999,94.37487376287619,98.73850123374797,0.045200083842257044,4.547274869956386,0.016399116025907823,0.3700933026898445,-0.1046820640562024,0.15778196008088274,8.5,8.475,8.425,8.425,8.475,0.09999999999999964,0.40000000000000036,0.09999999999999964,0.025000000000000355,-10.016666666666667,-2.7666666666666657,-18.8,0.4171333330000002,0.16453333299999962,4.376263794386973,3.9920982213811484,3.6355550160630554,4.6558954170102504,4.66040455200157,4.175926747224773,0.0,104.0,6.695581471892993
105,2006-06-30 23:59:59.999999999,95.25348414461725,99.01934810664781,0.038773674176331596,4.55654159228393,0.017540556664939366,0.46797846849516156,-0.07251778329523673,0.1145682146228233,8.6,8.5,8.475,8.425,8.425,-0.7999999999999989,0.20000000000000107,0.40000000000000036,0.17499999999999893,-10.516666666666667,-2.8916666666666657,-20.233333333333334,0.6603333330000001,0.4171333330000002,4.436631646219757,4.056669831607958,3.7359360959093344,4.651648173966905,4.661056319995943,4.1759128555246745,0.0,105.0,7.183256451008521
106,2006-09-30 23:59:59.999999999,96.60674611189658,99.26120924325048,0.02710627836174595,4.570648574306965,0.028953716682902808,0.572078284443972,0.10465008729068914,-0.04775838326821491,8.65,8.6,8.5,8.475,8.425,-0.20000000000000107,-0.09999999999999964,0.20000000000000107,0.22499999999999964,-10.483333333333333,-2.9833333333333325,-20.283333333333335,1.017766666,0.6603333330000001,4.492329695793785,4.13111181136756,3.829938374772353,4.6509436471165255,4.6619194410724685,4.175898810972357,0.0,106.0,7.696598534288027
107,2006-12-31 23:59:59.999999999,97.89941425974551,99.43901060524672,0.015603931015252037,4.5839405664720445,0.03399404117285343,0.8504021882873136,0.2144599467349878,-0.12680589958571353,8.625,8.65,8.6,8.5,8.475,0.20000000000000107,-0.6999999999999993,-0.09999999999999964,0.15000000000000036,-10.366666666666667,-3.1416666666666657,-20.26666666666667,1.1772,1.017766666,4.527174466852994,4.162237469233653,3.928835995560383,4.65191184082235,4.660595071212937,4.1758847662227865,0.0,107.0,8.236958621950663
108,2007-03-31 23:59:59.999999999,98.11149262775199,99.5477102016789,0.014532516877487467,4.586104511878264,0.0388296419218781,1.2439186773735955,0.3700933026898445,-0.1046820640562024,8.45,8.625,8.65,8.6,8.5,0.1999999999999993,-0.5999999999999996,-0.6999999999999993,-0.05000000000000071,-9.058333333333334,-2.2333333333333325,-16.975,1.2138333339999998,1.1772,4.572304957526134,4.174250761833783,3.9920982213811484,4.653948123158641,4.6558954170102504,4.175871026602987,0.0,108.0,8.805758714227125
109,2007-06-30 23:59:59.999999999,98.52555039385983,99.65433915863927,0.011391680298616258,4.590315909402534,0.03377431711860446,1.688354593972119,0.46797846849516156,-0.07251778329523673,8.3,8.45,8.625,8.65,8.6,-1.0,-0.8000000000000007,-0.5999999999999996,-0.29999999999999893,-8.2,-1.7249999999999992,-14.475000000000001,1.237533333,1.2138333339999998,4.605105364265779,4.157552323790352,4.056669831607958,4.655720644692469,4.651648173966905,4.175472801917619,0.0,109.0,9.404495653465503
110,2007-09-30 23:59:59.999999999,98.57604524338518,99.74502279255375,0.011788874466893695,4.590828283241688,0.020179708934723095,2.1833326001733155,0.572078284443972,0.10465008729068914,8.100000000000001,8.3,8.45,8.625,8.65,-0.2999999999999998,-0.8999999999999995,-0.8000000000000007,-0.5499999999999989,-6.308333333333334,-0.39999999999999936,-9.15,0.9552,1.237533333,4.650959539135519,4.154113148037978,4.13111181136756,4.6572932005705745,4.6509436471165255,4.175070039865633,0.0,110.0,10.034745063190112
111,2007-12-31 23:59:59.999999999,98.88911331044234,99.83876218802028,0.009557351768903821,4.593999154818831,0.010058588346786301,2.533949573804523,0.8504021882873136,0.2144599467349878,7.875,8.100000000000001,8.3,8.45,8.625,0.20000000000000018,-0.9000000000000004,-0.8999999999999995,-0.75,-5.191666666666666,-0.06666666666666599,-5.975000000000001,0.49303333400000016,0.9552,4.684256396900882,4.172566601855531,4.162237469233653,4.659092621162212,4.65191184082235,4.1746671155310136,0.0,111.0,10.698165494479174
112,2008-03-31 23:59:59.999999999,99.06079579882852,99.92001740681889,0.008636279393822832,4.595733760631039,0.009629248752775155,2.368642478565186,1.2439186773735955,0.3700933026898445,7.65,7.875,8.100000000000001,8.3,8.45,-0.20000000000000018,-1.2999999999999998,-0.9000000000000004,-0.7999999999999989,-5.775,-0.9083333333333325,-7.533333333333335,0.21466666600000028,0.49303333400000016,4.696022344058026,4.2712374349817495,4.174250761833783,4.663248581429832,4.653948123158641,4.174268411034182,0.0,112.0,11.396502790572924
113,2008-06-30 23:59:59.999999999,98.404362754999,99.99063478080348,0.01599138939408462,4.589085140016401,-0.0012307693861330904,2.0212632421643395,1.688354593972119,0.46797846849516156,7.325,7.65,7.875,8.100000000000001,8.3,-0.5,-0.7999999999999998,-1.2999999999999998,-0.9750000000000005,-7.741666666666667,-2.8249999999999993,-11.475000000000001,0.10899999999999999,0.21466666600000028,4.659074249351725,4.400663345309605,4.157552323790352,4.668925927502702,4.655720644692469,4.173653590939677,0.0,113.0,12.131594681197923
114,2008-09-30 23:59:59.999999999,97.74792971116948,100.1071992256373,0.0238495848552569,4.582392019215812,-0.008436264025876383,1.5035784438878153,2.1833326001733155,0.572078284443972,7.125,7.325,7.65,7.875,8.100000000000001,0.0,-0.5,-0.7999999999999998,-0.9750000000000014,-11.483333333333334,-6.199999999999999,-19.833333333333336,0.24580000000000046,0.10899999999999999,4.60630336511073,4.543416812789205,4.154113148037978,4.675618071599262,4.6572932005705745,4.173031630084854,0.0,114.0,12.905375618697922
115,2008-12-31 23:59:59.999999999,98.72752979196123,100.27181548741595,0.015520821881814584,4.5923638314780995,-0.0016353233407313539,1.0697381947515405,2.533949573804523,0.8504021882873136,7.0,7.125,7.325,7.65,7.875,1.0,0.2999999999999998,-0.5,-0.875,-15.008333333333335,-8.666666666666666,-27.675000000000004,-1.5499333339999999,0.24580000000000046,4.534454620941526,4.649118373623843,4.172566601855531,4.6794884319922865,4.659092621162212,4.172409282153967,0.0,115.0,13.719881868697923
116,2009-03-31 23:59:59.999999999,99.04059785901838,100.39518384813738,0.013584391007939622,4.595529845459043,-0.00020391517199591647,0.872700697220069,2.368642478565186,1.2439186773735955,7.075,7.0,7.125,7.325,7.65,0.8999999999999995,1.3999999999999995,0.2999999999999998,-0.5750000000000002,-17.25,-10.066666666666666,-33.56666666666667,-2.819633333,-1.5499333339999999,4.398032297022431,4.528481346648728,4.2712374349817495,4.677430871599201,4.663248581429832,4.171800088517343,0.0,116.0,14.577256868697923
117,2009-06-30 23:59:59.999999999,99.72732781256312,100.51311406526148,0.007848467361796452,4.602439739836045,0.013354599819644264,0.7036208025672397,2.0212632421643395,1.688354593972119,7.425,7.075,7.0,7.125,7.325,-0.09999999999999964,1.7999999999999998,1.3999999999999995,0.09999999999999964,-18.441666666666666,-10.950000000000001,-37.91666666666667,-3.2925000000000004,-2.819633333,4.2686531597676804,4.333464370203999,4.400663345309605,4.675159754962864,4.668925927502702,4.171240554115034,0.0,117.0,15.479756868697923
118,2009-09-30 23:59:59.999999999,100.21207836800647,100.59656140267995,0.003829352212621373,4.607288723980965,0.024896704765152933,0.7600820081013482,1.5035784438878153,2.1833326001733155,7.875,7.425,7.075,7.0,7.125,-0.1999999999999993,1.6000000000000005,1.7999999999999998,0.75,-17.71666666666667,-10.225,-37.05,-3.8372666660000005,-3.2925000000000004,4.160943683810972,4.151794249828276,4.543416812789205,4.671513325867143,4.675618071599262,4.1706745525452495,0.0,118.0,16.429756868697922
119,2009-12-31 23:59:59.999999999,100.39385982629771,100.65340090425043,0.0025818926474139303,4.609101048278868,0.01673721680076845,0.7098837698521376,1.0697381947515405,2.533949573804523,8.274999999999999,7.875,7.425,7.075,7.0,1.1999999999999993,1.7999999999999998,1.6000000000000005,1.2749999999999986,-16.508333333333333,-9.291666666666666,-34.78333333333333,-1.937433333,-3.8372666660000005,4.110359202372457,4.022487405792617,4.649118373623843,4.671087094731178,4.6794884319922865,4.170108230436254,0.0,119.0,17.429756868697922
120,2010-03-31 23:59:59.999999999,100.55544334477884,100.7084457054283,0.0015204157173522859,4.610709250454807,0.015179404995763868,0.5293735051350751,0.872700697220069,2.368642478565186,8.725,8.274999999999999,7.875,7.425,7.075,-0.09999999999999964,0.8000000000000007,1.7999999999999998,1.6499999999999995,-14.241666666666665,-7.816666666666666,-28.500000000000004,-0.7527,-1.937433333,4.148267016244294,4.100340003453461,4.528481346648728,4.675285862938022,4.677430871599201,4.169553909165915,1.0,120.0,17.429756868697922
121,2010-06-30 23:59:59.999999999,100.78771965259544,100.74651807701309,-0.00040887917229870396,4.613016519372232,0.010576779536187075,0.1800718553434777,0.7036208025672397,2.0212632421643395,8.925,8.725,8.274999999999999,7.875,7.425,-0.8000000000000007,0.09999999999999964,0.8000000000000007,1.5000000000000009,-12.108333333333334,-6.333333333333332,-22.21666666666667,-0.488466666,-0.7527,4.221270705625419,4.235346872696202,4.333464370203999,4.674847938586936,4.675159754962864,4.16845368398324,1.0,121.0,17.429756868697922
122,2010-09-30 23:59:59.999999999,101.36336093718442,100.75900667002549,-0.005980100820794476,4.618711693880523,0.011422969899558488,-0.3561591325485336,0.7600820081013482,1.5035784438878153,8.95,8.925,8.725,8.274999999999999,7.875,-0.29999999999999893,0.0,0.09999999999999964,1.0749999999999993,-11.908333333333333,-6.324999999999999,-22.35,-0.02350000000000002,-0.488466666,4.2657907422092975,4.308057639172599,4.151794249828276,4.668758818007423,4.671513325867143,4.1673401365267715,1.0,122.0,17.429756868697922
123,2010-12-31 23:59:59.999999999,101.25227226822865,100.75808034863836,-0.004892748307788963,4.617615147890172,0.008514099611304005,-0.8218717401815123,0.7098837698521376,1.0697381947515405,8.95,8.95,8.925,8.725,8.274999999999999,0.7999999999999989,-0.40000000000000036,0.0,0.6750000000000007,-11.95,-6.974999999999999,-21.96666666666667,0.18079999999999996,-0.02350000000000002,4.280108133659424,4.337812753689684,4.022487405792617,4.660358841724287,4.671087094731178,4.166225347699911,1.0,123.0,17.429756868697922
124,2011-03-31 23:59:59.999999999,101.00989699050697,100.7820768138099,-0.002257971605073017,4.615218502045572,0.004509251590764762,-1.1003420877815862,0.5293735051350751,0.872700697220069,8.85,8.95,8.95,8.925,8.725,0.09999999999999964,-0.20000000000000107,-0.40000000000000036,0.125,-12.491666666666667,-7.383333333333333,-23.650000000000002,0.3287,0.18079999999999996,4.288561899487914,4.374597580713733,4.100340003453461,4.652153146020352,4.675285862938022,4.165133589566867,1.0,124.0,17.429756868697922
125,2011-06-30 23:59:59.999999999,100.8988083215512,100.8140575691655,-0.0008403108745547172,4.614118116799742,0.001101597427509482,-1.1386692296787655,0.1800718553434777,0.7036208025672397,8.8,8.85,8.95,8.95,8.925,-0.7999999999999989,-0.1999999999999993,-0.20000000000000107,-0.125,-13.641666666666667,-8.524999999999999,-26.883333333333333,0.7533,0.3287,4.304482745095935,4.454488058140797,4.235346872696202,4.646156818961509,4.674847938586936,4.1635143270190635,1.0,125.0,17.429756868697922
126,2011-09-30 23:59:59.999999999,100.83821450212078,100.86242525657423,0.00024006621494798708,4.613517395916639,-0.0051942979638841535,-1.0595036434758094,-0.3561591325485336,0.7600820081013482,8.75,8.8,8.85,8.95,8.95,-0.09999999999999964,0.0,-0.1999999999999993,-0.1999999999999993,-14.083333333333334,-8.98333333333333,-26.9,0.385366666,0.7533,4.326330087364793,4.5549930902969376,4.308057639172599,4.647143641405361,4.668758818007423,4.161874600632563,1.0,126.0,17.429756868697922
127,2011-12-31 23:59:59.999999999,100.66653201373461,100.92420901951769,0.002556438304626596,4.611813391093958,-0.005801756796214086,-1.0685549479998113,-0.8218717401815123,0.7098837698521376,8.75,8.75,8.8,8.85,8.95,1.0,0.20000000000000107,0.0,-0.1999999999999993,-15.025,-9.249999999999998,-29.55,-0.19896666699999999,0.385366666,4.3125327969606255,4.652224872252866,4.337812753689684,4.646959083293273,4.660358841724287,4.160232181126858,1.0,127.0,17.429756868697922
128,2012-03-31 23:59:59.999999999,100.51504746515856,101.00894018680172,0.004901587312107658,4.610307442312787,-0.004911059732784828,-1.2302550782428119,-1.1003420877815862,0.5293735051350751,8.8,8.75,8.75,8.8,8.85,0.29999999999999893,0.40000000000000036,0.20000000000000107,-0.049999999999998934,-16.741666666666667,-10.908333333333331,-34.458333333333336,-0.5238,-0.19896666699999999,4.263821008361874,4.711049507517395,4.374597580713733,4.644649449877532,4.652153146020352,4.158604955952968,1.0,128.0,17.429756868697922
129,2012-06-30 23:59:59.999999999,100.51504746515856,101.09152504339102,0.005718852735934199,4.610307442312787,-0.0038106744869548237,-1.4293698090309865,-1.1386692296787655,0.1800718553434777,8.9,8.8,8.75,8.75,8.8,-0.5999999999999996,0.5999999999999996,0.40000000000000036,0.09999999999999964,-17.05,-11.433333333333334,-34.825,-0.927333334,-0.5238,4.227127229496207,4.741361818425613,4.454488058140797,4.641259457984933,4.646156818961509,4.157216841124451,1.0,129.0,17.429756868697922
130,2012-09-30 23:59:59.999999999,100.38376085639266,101.17320499812652,0.007833499331745486,4.6090004497173425,-0.004516946199296434,-1.6074902971570992,-1.0595036434758094,-0.3561591325485336,9.05,8.9,8.8,8.75,8.75,-0.09999999999999964,0.5999999999999996,0.5999999999999996,0.3000000000000007,-16.133333333333333,-10.783333333333333,-33.016666666666666,-0.767166666,-0.927333334,4.174200708166251,4.7212919623455925,4.5549930902969376,4.634562341480392,4.647143641405361,4.155811510803202,1.0,130.0,17.429756868697922
131,2012-12-31 23:59:59.999999999,99.26277519692992,101.28012377477002,0.02011955186652603,4.597770628633352,-0.014042762460605651,-1.7904159420774808,-1.0685549479998113,-0.8218717401815123,9.2,9.05,8.9,8.8,8.75,1.1999999999999993,0.7999999999999989,0.5999999999999996,0.4499999999999993,-15.958333333333334,-10.916666666666664,-32.93333333333334,-0.3578,-0.767166666,4.177937682929121,4.71293368006418,4.652224872252866,4.627446219661761,4.646959083293273,4.154404202748948,1.0,131.0,17.429756868697922
132,2013-03-31 23:59:59.999999999,98.86891537063221,101.4696181659807,0.025964539668888342,4.593794885591279,-0.016512556721507643,-1.7067973437743187,-1.2302550782428119,-1.1003420877815862,9.4,9.2,9.05,8.9,8.8,0.40000000000000036,0.9000000000000004,0.7999999999999989,0.5999999999999996,-16.025000000000002,-11.408333333333331,-31.958333333333336,-0.098666667,-0.3578,4.211939801096984,4.714505558581462,4.711049507517395,4.622770146118801,4.644649449877532,4.153025569284266,1.0,132.0,17.429756868697922
133,2013-06-30 23:59:59.999999999,98.94970712987276,101.68503421867806,0.027268423802216724,4.594611712265243,-0.01569573004754421,-1.47448802162794,-1.4293698090309865,-1.1386692296787655,9.625,9.4,9.2,9.05,8.9,-0.8000000000000007,0.6999999999999993,0.9000000000000004,0.7249999999999996,-16.78333333333333,-12.183333333333334,-33.78333333333333,-0.054,-0.098666667,4.238719946815705,4.701521906531629,4.741361818425613,4.622867643682597,4.641259457984933,4.151613325911288,1.0,133.0,17.429756868697922
134,2013-09-30 23:59:59.999999999,98.69723288224603,101.90440055259234,0.03197821390139399,4.592056910405559,-0.016943539311783162,-1.2443337077649637,-1.6074902971570992,-1.0595036434758094,9.799999999999999,9.625,9.4,9.2,9.05,-0.29999999999999893,0.5,0.6999999999999993,0.7499999999999982,-18.983333333333334,-14.266666666666666,-38.641666666666666,0.059066666000000004,-0.054,4.28864566892641,4.687932850770435,4.7212919623455925,4.624550713703179,4.634562341480392,4.150183533064706,1.0,134.0,17.429756868697922
135,2013-12-31 23:59:59.999999999,98.49525348414463,102.15447911616027,0.03647780968413983,4.590008359038738,-0.007762269594613791,-0.9967765470177664,-1.7904159420774808,-1.0685549479998113,9.925,9.799999999999999,9.625,9.4,9.2,0.6999999999999993,0.0,0.5,0.7250000000000014,-18.983333333333334,-14.899999999999999,-37.15,0.068533334,0.059066666000000004,4.334108736334873,4.689426071309126,4.71293368006418,4.629611466312335,4.627446219661761,4.148751692983069,1.0,135.0,17.429756868697922
136,2014-03-31 23:59:59.999999999,99.12138961825895,102.43689364558789,0.03290168044713848,4.596345256777284,0.002550371186004874,-0.7570107616463706,-1.7067973437743187,-1.2302550782428119,9.924999999999999,9.925,9.799999999999999,9.625,9.4,0.5999999999999996,0.1999999999999993,0.0,0.5249999999999986,-18.474999999999998,-14.258333333333333,-35.141666666666666,0.12846666699999998,0.068533334,4.382703556142138,4.687427246269852,4.714505558581462,4.633876309134759,4.622770146118801,4.147348993258909,1.0,136.0,17.429756868697922
137,2014-06-30 23:59:59.999999999,99.42435871541103,102.70223650681403,0.03243675264424262,4.599397141139949,0.004785428874706454,-0.6438237611065128,-1.47448802162794,-1.4293698090309865,9.975,9.924999999999999,9.925,9.799999999999999,9.625,-0.7999999999999989,0.20000000000000107,0.1999999999999993,0.34999999999999964,-17.591666666666665,-13.333333333333332,-31.825,0.1078,0.12846666699999998,4.421366486124356,4.677622067981532,4.701521906531629,4.6362371054116105,4.622867643682597,4.145918871786778,1.0,137.0,17.429756868697922
138,2014-09-30 23:59:59.999999999,99.93940618056958,102.9677153051744,0.029851431317780452,4.604564064139047,0.012507153733487542,-0.6027262033752312,-1.2443337077649637,-1.6074902971570992,10.025,9.975,9.924999999999999,9.925,9.799999999999999,0.0,0.5,0.20000000000000107,0.22500000000000142,-16.541666666666664,-12.908333333333331,-27.966666666666665,-0.0633,0.1078,4.464880363297152,4.694406788184361,4.687932850770435,4.637183417546221,4.624550713703179,4.1444709526104795,1.0,138.0,17.429756868697922
139,2014-12-31 23:59:59.999999999,99.82831751161382,103.22335087885341,0.0334432099871762,4.60345188567144,0.013443526632701541,-0.4875307351154712,-0.9967765470177664,-1.7904159420774808,10.15,10.025,9.975,9.924999999999999,9.925,0.9000000000000004,0.7000000000000011,0.5,0.22499999999999964,-16.525,-12.466666666666665,-28.65833333333333,-0.116066667,-0.0633,4.4879947046129445,4.674483633603956,4.689426071309126,4.635306794114637,4.629611466312335,4.1430209339239505,1.0,139.0,17.429756868697922
140,2015-03-31 23:59:59.999999999,100.0,103.49907153043864,0.034392455956695045,4.605170185988092,0.008824929210807575,-0.44473287722925914,-0.7570107616463706,-1.7067973437743187,10.325,10.15,10.025,9.975,9.924999999999999,0.0,0.10000000000000142,0.7000000000000011,0.40000000000000036,-16.349999999999998,-12.108333333333333,-29.066666666666666,-0.27159999999999995,-0.116066667,4.4901794541837825,4.585172056361088,4.687427246269852,4.631263491586017,4.633876309134759,4.141600399981521,1.0,140.0,17.429756868697922
141,2015-06-30 23:59:59.999999999,99.77782266208847,103.77728942730708,0.03930121434032774,4.602945940808636,0.0035487996686871526,-0.2640779550535405,-0.6438237611065128,-1.47448802162794,10.350000000000001,10.325,10.15,10.025,9.975,-0.7000000000000011,0.1999999999999993,0.10000000000000142,0.3750000000000018,-15.366666666666665,-11.599999999999998,-26.775000000000002,-0.3099,-0.27159999999999995,4.515425048156951,4.411113655670305,4.677622067981532,4.620996963448218,4.6362371054116105,4.140527719738881,1.0,141.0,17.429756868697922
142,2015-09-30 23:59:59.999999999,100.16158351848112,104.08482236299649,0.03842144924911306,4.6067847171158025,0.002220652976755666,-0.20920640040893723,-0.6027262033752312,-1.2443337077649637,10.4,10.350000000000001,10.325,10.15,10.025,-0.09999999999999964,0.09999999999999964,0.1999999999999993,0.375,-13.933333333333334,-10.249999999999998,-23.875,-0.1914,-0.3099,4.546857811792982,4.267220282692681,4.694406788184361,4.609710396265166,4.637183417546221,4.139442080856882,1.0,142.0,17.429756868697922
143,2015-12-31 23:59:59.999999999,100.45445364572814,104.3826215484193,0.0383587741091711,4.609704427219137,0.006252541547697277,-0.16642749921366717,-0.4875307351154712,-0.9967765470177664,10.425,10.4,10.350000000000001,10.325,10.15,0.5999999999999996,-0.20000000000000107,0.09999999999999964,0.27500000000000036,-12.566666666666666,-8.933333333333332,-20.575000000000003,-0.252566667,-0.1914,4.572841326755492,4.090580165571524,4.674483633603956,4.601554796711338,4.635306794114637,4.1383552620820465,1.0,143.0,17.429756868697922
